2024-11-15_08-27-03,COMP,shell.cpp:2024-11-15_08-27-03
2024-11-15_08-31-18,COMP,shell.cpp:2024-11-15_08-27-03
2024-11-15_08-31-40,COMP,shell.cpp:2024-11-15_08-27-03
2024-11-15_08-31-46,COMP,shell.cpp:2024-11-15_08-27-03
2024-11-15_08-49-43,COMP,shell.cpp:2024-11-15_08-27-03
2024-11-15_08-50-50,COMP,shell.cpp:2024-11-15_08-27-03
2024-11-15_08-53-14,COMP,shell.cpp:2024-11-15_08-27-03
2024-11-15_08-53-50,COMP,shell.cpp:2024-11-15_08-27-03
2024-11-15_08-55-09,COMP,shell.cpp:2024-11-15_08-27-03
2024-11-15_09-06-05,COMP,shell.cpp:2024-11-15_08-27-03
2024-11-15_09-08-01,COMP,shell.cpp:2024-11-15_08-27-03
2024-11-15_09-11-15,COMP,shell.cpp:2024-11-15_08-27-03
2024-11-15_09-13-27,COMP,shell.cpp:2024-11-15_08-27-03
2024-11-15_09-15-40,COMP,shell.cpp:2024-11-15_08-27-03
2024-11-15_09-18-51,COMP,shell.cpp:2024-11-15_08-27-03
2024-11-15_09-18-51,COMP,shell.cpp:2024-11-15_08-27-03
2024-11-15_09-21-50,COMP,shell.cpp:2024-11-15_08-27-03
2024-11-15_09-23-52,COMP,shell.cpp:2024-11-15_08-27-03
2024-11-15_09-24-56,COMP,shell.cpp:2024-11-15_08-27-03
2024-11-15_09-33-59,015%,shell.cpp:2024-11-15_08-27-03
2024-11-15_09-39-10,053%,shell.cpp:2024-11-15_08-27-03
2024-11-15_09-39-28,084%,shell.cpp:2024-11-15_08-27-03
2024-11-15_09-52-21,100%,shell.cpp:2024-11-15_08-27-03
2024-11-15_09-53-02,100%,shell.cpp:2024-11-15_08-27-03
2024-11-17_00-43-52,084%,shell.cpp:2024-11-15_08-27-03
2024-11-17_00-44-31,COMP,shell.cpp:2024-11-15_08-27-03
2024-11-17_00-44-52,084%,shell.cpp:2024-11-15_08-27-03
2024-11-17_00-45-46,084%,shell.cpp:2024-11-15_08-27-03
2024-11-17_00-47-26,100%,shell.cpp:2024-11-15_08-27-03
2024-11-17_00-47-46,100%,shell.cpp:2024-11-15_08-27-03
2024-11-17_00-48-45,084%,shell.cpp:2024-11-15_08-27-03
2024-11-17_00-49-19,061%,shell.cpp:2024-11-15_08-27-03
2024-11-17_00-50-41,061%,shell.cpp:2024-11-15_08-27-03
2024-11-17_00-50-42,061%,shell.cpp:2024-11-15_08-27-03
2024-11-17_00-50-44,061%,shell.cpp:2024-11-15_08-27-03
2024-11-17_00-51-47,053%,shell.cpp:2024-11-15_08-27-03
2024-11-17_00-52-35,053%,shell.cpp:2024-11-15_08-27-03
2024-11-17_00-53-28,053%,shell.cpp:2024-11-15_08-27-03
2024-11-17_00-53-31,053%,shell.cpp:2024-11-15_08-27-03
2024-11-17_00-54-31,053%,shell.cpp:2024-11-15_08-27-03
2024-11-17_00-56-27,084%,shell.cpp:2024-11-15_08-27-03
2024-11-17_00-56-31,100%,shell.cpp:2024-11-15_08-27-03
