2024-11-19_21-16-17,COMP,shell.cpp:2024-11-19_21-16-17
2024-11-19_21-53-10,COMP,shell.cpp:2024-11-19_21-16-17
2024-11-19_21-56-44,010%,shell.cpp:2024-11-19_21-16-17
2024-11-21_14-49-05,010%,shell.cpp:2024-11-19_21-16-17
2024-11-21_15-07-38,010%,shell.cpp:2024-11-19_21-16-17
2024-11-21_15-07-59,010%,shell.cpp:2024-11-19_21-16-17
2024-11-21_15-47-17,010%,shell.cpp:2024-11-19_21-16-17
2024-11-21_15-47-48,020%,shell.cpp:2024-11-19_21-16-17
2024-11-21_18-14-40,COMP,shell.cpp:2024-11-19_21-16-17
2024-11-21_18-19-57,020%,shell.cpp:2024-11-19_21-16-17
2024-11-21_18-20-08,020%,shell.cpp:2024-11-19_21-16-17
2024-11-21_18-20-34,020%,shell.cpp:2024-11-19_21-16-17
2024-11-21_18-22-29,030%,shell.cpp:2024-11-19_21-16-17
2024-11-21_18-34-17,030%,shell.cpp:2024-11-19_21-16-17
2024-11-21_18-35-17,030%,shell.cpp:2024-11-19_21-16-17
2024-11-21_18-40-00,030%,shell.cpp:2024-11-19_21-16-17
2024-11-21_18-43-59,030%,shell.cpp:2024-11-19_21-16-17
2024-11-21_18-50-25,040%,shell.cpp:2024-11-19_21-16-17
2024-11-21_18-51-25,040%,shell.cpp:2024-11-19_21-16-17
2024-11-21_18-55-26,COMP,shell.cpp:2024-11-19_21-16-17
2024-11-21_18-56-06,040%,shell.cpp:2024-11-19_21-16-17
2024-11-21_18-56-26,040%,shell.cpp:2024-11-19_21-16-17
2024-11-21_18-57-19,040%,shell.cpp:2024-11-19_21-16-17
2024-11-21_18-57-55,040%,shell.cpp:2024-11-19_21-16-17
2024-11-21_18-59-35,040%,shell.cpp:2024-11-19_21-16-17
2024-11-21_19-00-07,040%,shell.cpp:2024-11-19_21-16-17
2024-11-21_19-08-26,040%,shell.cpp:2024-11-19_21-16-17
2024-11-21_19-12-10,050%,shell.cpp:2024-11-19_21-16-17
2024-11-21_19-17-48,050%,shell.cpp:2024-11-19_21-16-17
2024-11-21_19-18-01,060%,shell.cpp:2024-11-19_21-16-17
2024-11-21_19-19-21,060%,shell.cpp:2024-11-19_21-16-17
2024-11-21_19-21-27,COMP,shell.cpp:2024-11-19_21-16-17
2024-11-21_19-23-37,COMP,shell.cpp:2024-11-19_21-16-17
2024-11-21_19-23-51,060%,shell.cpp:2024-11-19_21-16-17
2024-11-21_19-26-19,060%,shell.cpp:2024-11-19_21-16-17
2024-11-21_19-28-05,060%,shell.cpp:2024-11-19_21-16-17
2024-11-21_19-29-21,060%,shell.cpp:2024-11-19_21-16-17
2024-11-21_19-30-13,070%,shell.cpp:2024-11-19_21-16-17
2024-11-21_19-30-25,070%,shell.cpp:2024-11-19_21-16-17
2024-11-21_19-35-26,070%,shell.cpp:2024-11-19_21-16-17
2024-11-21_19-35-37,070%,shell.cpp:2024-11-19_21-16-17
2024-11-21_19-36-43,070%,shell.cpp:2024-11-19_21-16-17
2024-11-21_19-37-50,070%,shell.cpp:2024-11-19_21-16-17
2024-11-21_19-47-39,070%,shell.cpp:2024-11-19_21-16-17
2024-11-21_19-48-53,070%,shell.cpp:2024-11-19_21-16-17
2024-11-21_19-49-27,070%,shell.cpp:2024-11-19_21-16-17
2024-11-21_19-49-52,070%,shell.cpp:2024-11-19_21-16-17
2024-11-21_19-52-32,070%,shell.cpp:2024-11-19_21-16-17
2024-11-21_19-54-06,070%,shell.cpp:2024-11-19_21-16-17
2024-11-21_19-56-24,070%,shell.cpp:2024-11-19_21-16-17
2024-11-21_21-43-01,COMP,shell.cpp:2024-11-19_21-16-17
2024-11-21_21-45-16,COMP,shell.cpp:2024-11-19_21-16-17
2024-11-21_21-46-00,COMP,shell.cpp:2024-11-19_21-16-17
2024-11-21_21-46-37,COMP,shell.cpp:2024-11-19_21-16-17
2024-11-21_21-48-26,COMP,shell.cpp:2024-11-19_21-16-17
2024-11-21_21-57-02,100%,shell.cpp:2024-11-19_21-16-17
2024-11-21_22-03-48,100%,shell.cpp:2024-11-19_21-16-17
2024-11-21_22-03-48,100%,shell.cpp:2024-11-19_21-16-17
