2024-11-17_20-24-34,COMP,shell.cpp:2024-11-17_20-24-34
2024-11-18_11-23-22,COMP,shell.cpp:2024-11-17_20-24-34
2024-11-18_11-25-38,COMP,shell.cpp:2024-11-17_20-24-34
2024-11-18_11-26-02,COMP,shell.cpp:2024-11-17_20-24-34
2024-11-18_11-26-51,COMP,shell.cpp:2024-11-17_20-24-34
2024-11-18_11-26-58,COMP,shell.cpp:2024-11-17_20-24-34
2024-11-18_11-27-00,COMP,shell.cpp:2024-11-17_20-24-34
2024-11-18_11-29-06,COMP,shell.cpp:2024-11-17_20-24-34
2024-11-18_11-31-21,COMP,shell.cpp:2024-11-17_20-24-34
2024-11-18_16-39-00,COMP,shell.cpp:2024-11-17_20-24-34
2024-11-18_16-43-05,000%,shell.cpp:2024-11-17_20-24-34
2024-11-18_16-45-31,000%,shell.cpp:2024-11-17_20-24-34
2024-11-18_16-50-28,000%,shell.cpp:2024-11-17_20-24-34
2024-11-18_16-53-26,000%,shell.cpp:2024-11-17_20-24-34
2024-11-18_16-56-17,COMP,shell.cpp:2024-11-17_20-24-34
2024-11-18_16-56-32,COMP,shell.cpp:2024-11-17_20-24-34
2024-11-18_16-56-36,COMP,shell.cpp:2024-11-17_20-24-34
2024-11-18_16-58-44,000%,shell.cpp:2024-11-17_20-24-34
2024-11-18_16-59-59,000%,shell.cpp:2024-11-17_20-24-34
2024-11-18_17-00-50,COMP,shell.cpp:2024-11-17_20-24-34
2024-11-18_17-11-35,COMP,shell.cpp:2024-11-17_20-24-34
2024-11-18_17-12-29,000%,shell.cpp:2024-11-17_20-24-34
2024-11-18_17-12-51,COMP,shell.cpp:2024-11-17_20-24-34
2024-11-18_17-15-07,000%,shell.cpp:2024-11-17_20-24-34
2024-11-18_17-20-18,000%,shell.cpp:2024-11-17_20-24-34
2024-11-18_17-24-26,000%,shell.cpp:2024-11-17_20-24-34
2024-11-18_17-25-45,040%,shell.cpp:2024-11-17_20-24-34
2024-11-18_17-35-01,COMP,shell.cpp:2024-11-17_20-24-34
2024-11-18_17-40-39,060%,shell.cpp:2024-11-17_20-24-34
2024-11-18_17-46-02,060%,shell.cpp:2024-11-17_20-24-34
2024-11-18_17-47-18,060%,shell.cpp:2024-11-17_20-24-34
2024-11-18_17-48-25,COMP,shell.cpp:2024-11-17_20-24-34
2024-11-18_17-49-28,040%,shell.cpp:2024-11-17_20-24-34
2024-11-18_17-51-08,060%,shell.cpp:2024-11-17_20-24-34
2024-11-18_17-51-44,040%,shell.cpp:2024-11-17_20-24-34
2024-11-18_17-51-57,060%,shell.cpp:2024-11-17_20-24-34
2024-11-18_17-54-33,070%,shell.cpp:2024-11-17_20-24-34
2024-11-18_18-04-31,COMP,shell.cpp:2024-11-17_20-24-34
2024-11-18_18-07-16,070%,shell.cpp:2024-11-17_20-24-34
2024-11-18_18-11-06,COMP,shell.cpp:2024-11-17_20-24-34
2024-11-18_18-12-24,COMP,shell.cpp:2024-11-17_20-24-34
2024-11-18_18-14-01,COMP,shell.cpp:2024-11-17_20-24-34
2024-11-18_18-15-36,070%,shell.cpp:2024-11-17_20-24-34
2024-11-18_18-16-36,070%,shell.cpp:2024-11-17_20-24-34
2024-11-18_18-16-41,070%,shell.cpp:2024-11-17_20-24-34
2024-11-18_18-17-27,070%,shell.cpp:2024-11-17_20-24-34
2024-11-18_18-18-37,070%,shell.cpp:2024-11-17_20-24-34
2024-11-18_18-19-22,070%,shell.cpp:2024-11-17_20-24-34
2024-11-19_15-45-02,COMP,shell.cpp:2024-11-17_20-24-34
2024-11-19_15-49-01,COMP,shell.cpp:2024-11-17_20-24-34
2024-11-19_15-52-04,070%,shell.cpp:2024-11-17_20-24-34
2024-11-19_15-55-28,070%,shell.cpp:2024-11-17_20-24-34
2024-11-19_15-59-17,070%,shell.cpp:2024-11-17_20-24-34
2024-11-19_16-02-26,070%,shell.cpp:2024-11-17_20-24-34
2024-11-19_16-04-24,070%,shell.cpp:2024-11-17_20-24-34
2024-11-19_16-04-51,080%,shell.cpp:2024-11-17_20-24-34
2024-11-19_16-05-02,080%,shell.cpp:2024-11-17_20-24-34
2024-11-19_16-06-50,080%,shell.cpp:2024-11-17_20-24-34
2024-11-19_16-06-55,080%,shell.cpp:2024-11-17_20-24-34
2024-11-19_16-09-20,080%,shell.cpp:2024-11-17_20-24-34
2024-11-19_16-12-57,080%,shell.cpp:2024-11-17_20-24-34
2024-11-19_16-15-07,080%,shell.cpp:2024-11-17_20-24-34
2024-11-19_16-15-52,080%,shell.cpp:2024-11-17_20-24-34
2024-11-19_16-16-25,080%,shell.cpp:2024-11-17_20-24-34
2024-11-19_16-16-41,080%,shell.cpp:2024-11-17_20-24-34
2024-11-19_16-20-10,COMP,shell.cpp:2024-11-17_20-24-34
2024-11-19_16-20-53,070%,shell.cpp:2024-11-17_20-24-34
2024-11-19_16-21-41,080%,shell.cpp:2024-11-17_20-24-34
2024-11-19_16-22-15,080%,shell.cpp:2024-11-17_20-24-34
2024-11-19_16-25-14,080%,shell.cpp:2024-11-17_20-24-34
2024-11-19_16-25-53,080%,shell.cpp:2024-11-17_20-24-34
2024-11-19_16-26-38,COMP,shell.cpp:2024-11-17_20-24-34
2024-11-19_16-27-11,080%,shell.cpp:2024-11-17_20-24-34
2024-11-19_16-31-39,080%,shell.cpp:2024-11-17_20-24-34
2024-11-19_16-35-00,080%,shell.cpp:2024-11-17_20-24-34
2024-11-19_16-35-03,080%,shell.cpp:2024-11-17_20-24-34
2024-11-19_16-35-03,080%,shell.cpp:2024-11-17_20-24-34
2024-11-19_16-35-04,080%,shell.cpp:2024-11-17_20-24-34
2024-11-19_16-35-05,080%,shell.cpp:2024-11-17_20-24-34
2024-11-19_16-35-18,080%,shell.cpp:2024-11-17_20-24-34
2024-11-19_16-40-18,080%,shell.cpp:2024-11-17_20-24-34
2024-11-19_16-42-18,080%,shell.cpp:2024-11-17_20-24-34
2024-11-19_16-42-44,080%,shell.cpp:2024-11-17_20-24-34
2024-11-19_16-42-46,080%,shell.cpp:2024-11-17_20-24-34
2024-11-19_16-44-54,COMP,shell.cpp:2024-11-17_20-24-34
2024-11-19_16-45-06,080%,shell.cpp:2024-11-17_20-24-34
2024-11-19_16-45-12,080%,shell.cpp:2024-11-17_20-24-34
2024-11-19_16-45-56,070%,shell.cpp:2024-11-17_20-24-34
2024-11-19_16-46-15,080%,shell.cpp:2024-11-17_20-24-34
2024-11-19_16-46-55,070%,shell.cpp:2024-11-17_20-24-34
2024-11-19_16-47-09,070%,shell.cpp:2024-11-17_20-24-34
2024-11-19_16-47-15,070%,shell.cpp:2024-11-17_20-24-34
2024-11-19_16-47-30,080%,shell.cpp:2024-11-17_20-24-34
2024-11-19_16-47-50,080%,shell.cpp:2024-11-17_20-24-34
2024-11-19_16-47-54,080%,shell.cpp:2024-11-17_20-24-34
2024-11-19_16-48-28,090%,shell.cpp:2024-11-17_20-24-34
2024-11-19_16-55-09,080%,shell.cpp:2024-11-17_20-24-34
2024-11-19_16-55-22,090%,shell.cpp:2024-11-17_20-24-34
2024-11-19_17-04-15,090%,shell.cpp:2024-11-17_20-24-34
2024-11-19_17-04-36,090%,shell.cpp:2024-11-17_20-24-34
2024-11-19_17-04-43,090%,shell.cpp:2024-11-17_20-24-34
2024-11-19_17-04-52,090%,shell.cpp:2024-11-17_20-24-34
2024-11-19_17-05-53,COMP,shell.cpp:2024-11-17_20-24-34
2024-11-19_17-09-31,080%,shell.cpp:2024-11-17_20-24-34
2024-11-19_17-09-40,090%,shell.cpp:2024-11-17_20-24-34
2024-11-19_17-09-51,090%,shell.cpp:2024-11-17_20-24-34
2024-11-19_17-10-51,090%,shell.cpp:2024-11-17_20-24-34
2024-11-19_17-11-41,090%,shell.cpp:2024-11-17_20-24-34
2024-11-19_17-14-32,090%,shell.cpp:2024-11-17_20-24-34
2024-11-19_17-14-55,090%,shell.cpp:2024-11-17_20-24-34
2024-11-19_17-17-22,090%,shell.cpp:2024-11-17_20-24-34
2024-11-19_17-18-58,090%,shell.cpp:2024-11-17_20-24-34
2024-11-19_17-19-03,090%,shell.cpp:2024-11-17_20-24-34
2024-11-19_17-19-18,090%,shell.cpp:2024-11-17_20-24-34
2024-11-19_17-35-49,090%,shell.cpp:2024-11-17_20-24-34
2024-11-19_17-36-04,090%,shell.cpp:2024-11-17_20-24-34
2024-11-19_17-36-16,090%,shell.cpp:2024-11-17_20-24-34
2024-11-19_17-36-24,090%,shell.cpp:2024-11-17_20-24-34
2024-11-19_17-36-26,090%,shell.cpp:2024-11-17_20-24-34
2024-11-19_17-41-36,090%,shell.cpp:2024-11-17_20-24-34
2024-11-19_17-42-22,090%,shell.cpp:2024-11-17_20-24-34
2024-11-19_17-42-36,090%,shell.cpp:2024-11-17_20-24-34
2024-11-19_17-45-54,090%,shell.cpp:2024-11-17_20-24-34
2024-11-19_17-46-00,090%,shell.cpp:2024-11-17_20-24-34
2024-11-19_17-46-55,090%,shell.cpp:2024-11-17_20-24-34
2024-11-19_17-47-09,100%,shell.cpp:2024-11-17_20-24-34
2024-11-19_17-49-04,090%,shell.cpp:2024-11-17_20-24-34
2024-11-19_17-49-32,090%,shell.cpp:2024-11-17_20-24-34
2024-11-19_17-52-21,100%,shell.cpp:2024-11-17_20-24-34
2024-11-19_17-53-52,100%,shell.cpp:2024-11-17_20-24-34
2024-11-19_17-54-40,100%,shell.cpp:2024-11-17_20-24-34
2024-11-19_17-56-28,100%,shell.cpp:2024-11-17_20-24-34
2024-11-19_22-18-25,100%,shell.cpp:2024-11-17_20-24-34
