2024-11-14_09-17-56,000%,shell.cpp:2024-11-14_09-17-56
2024-11-14_09-23-07,000%,shell.cpp:2024-11-14_09-17-56
2024-11-14_18-11-28,000%,shell.cpp:2024-11-14_09-17-56
2024-11-14_18-11-28,000%,shell.cpp:2024-11-14_09-17-56
2024-11-14_18-11-59,000%,shell.cpp:2024-11-14_09-17-56
2024-11-14_18-15-28,000%,shell.cpp:2024-11-14_09-17-56
2024-11-14_18-17-29,000%,shell.cpp:2024-11-14_09-17-56
2024-11-14_18-18-03,COMP,shell.cpp:2024-11-14_09-17-56
2024-11-14_18-18-20,000%,shell.cpp:2024-11-14_09-17-56
2024-11-14_18-18-51,000%,shell.cpp:2024-11-14_09-17-56
2024-11-14_18-19-05,100%,shell.cpp:2024-11-14_09-17-56
2024-11-14_20-44-08,100%,shell.cpp:2024-11-14_09-17-56
