2024-12-11_19-36-11,COMP,motouber.cpp:2024-12-11_19-36-11
2024-12-11_19-38-47,COMP,motouber.cpp:2024-12-11_19-36-11
2024-12-11_19-38-47,COMP,motouber.cpp:2024-12-11_19-36-11
2024-12-11_20-12-02,COMP,motouber.cpp:2024-12-11_20-12-02
2024-12-11_20-15-18,COMP,motouber.cpp:2024-12-11_20-15-18
2024-12-13_19-55-49,COMP,motouber.cpp:2024-12-13_19-55-49
2024-12-13_19-56-56,COMP,motouber.cpp:2024-12-13_19-56-56
2024-12-13_20-00-30,COMP,motouber.cpp:2024-12-13_19-56-56
2024-12-13_20-03-05,COMP,shell.cpp:2024-12-13_20-03-05
2024-12-15_22-46-57,100%,shell.cpp:2024-12-15_22-46-57
